"","x"
"1","Abronia.latifolia"
"2","Abronia.maritima"
"3","Abronia.pogonantha"
"4","Abronia.umbellata"
"5","Abronia.villosa"
"6","Abutilon.palmeri"
"7","Acaena.pinnatifida"
"8","Acalypha.californica"
"9","Acamptopappus.sphaerocephalus"
"10","Acanthomintha.ilicifolia"
"11","Acanthomintha.lanceolata"
"12","Acanthomintha.obovata"
"13","Acer.macrophyllum"
"14","Acer.negundo"
"15","Achillea.millefolium"
"16","Achyrachaena.mollis"
"17","Acmispon.americanus"
"18","Acmispon.argophyllus"
"19","Acmispon.brachycarpus"
"20","Acmispon.dendroideus"
"21","Acmispon.glaber"
"22","Acmispon.grandiflorus"
"23","Acmispon.heermannii"
"24","Acmispon.junceus"
"25","Acmispon.maritimus"
"26","Acmispon.micranthus"
"27","Acmispon.parviflorus"
"28","Acmispon.procumbens"
"29","Acmispon.prostratus"
"30","Acmispon.rigidus"
"31","Acmispon.strigosus"
"32","Acmispon.wrangelianus"
"33","Acourtia.microcephala"
"34","Adenophyllum.porophylloides"
"35","Adenostoma.fasciculatum"
"36","Adenostoma.sparsifolium"
"37","Adiantum.capillus.veneris"
"38","Adiantum.jordanii"
"39","Adolphia.californica"
"40","Aesculus.californica"
"41","Agave.deserti"
"42","Agave.shawii"
"43","Agoseris.grandiflora"
"44","Agoseris.heterophylla"
"45","Agoseris.retrorsa"
"46","Agrostis.elliottiana"
"47","Agrostis.hooveri"
"48","Agrostis.microphylla"
"49","Agrostis.pallens"
"50","Alisma.triviale"
"51","Allenrolfea.occidentalis"
"52","Allium.amplectens"
"53","Allium.crispum"
"54","Allium.diabolense"
"55","Allium.fimbriatum"
"56","Allium.haematochiton"
"57","Allium.howellii"
"58","Allium.hyalinum"
"59","Allium.lacunosum"
"60","Allium.marvinii"
"61","Allium.munzii"
"62","Allium.peninsulare"
"63","Allium.praecox"
"64","Allium.serra"
"65","Allium.sharsmithiae"
"66","Allophyllum.divaricatum"
"67","Allophyllum.gilioides"
"68","Allophyllum.glutinosum"
"69","Alnus.rhombifolia"
"70","Alopecurus.carolinianus"
"71","Alopecurus.saccatus"
"72","Amaranthus.blitoides"
"73","Amaranthus.californicus"
"74","Amaranthus.fimbriatus"
"75","Amaranthus.palmeri"
"76","Amaranthus.powellii"
"77","Amblyopappus.pusillus"
"78","Ambrosia.acanthicarpa"
"79","Ambrosia.ambrosioides"
"80","Ambrosia.chamissonis"
"81","Ambrosia.chenopodiifolia"
"82","Ambrosia.confertiflora"
"83","Ambrosia.monogyra"
"84","Ambrosia.psilostachya"
"85","Ambrosia.pumila"
"86","Ambrosia.salsola"
"87","Ammannia.coccinea"
"88","Ammannia.robusta"
"89","Amorpha.californica"
"90","Amorpha.fruticosa"
"91","Amsinckia.douglasiana"
"92","Amsinckia.eastwoodiae"
"93","Amsinckia.intermedia"
"94","Amsinckia.lycopsoides"
"95","Amsinckia.menziesii"
"96","Amsinckia.retrorsa"
"97","Amsinckia.spectabilis"
"98","Amsinckia.tessellata"
"99","Amsinckia.vernicosa"
"100","Amsonia.tomentosa"
"101","Anagallis.minima"
"102","Ancistrocarphus.filagineus"
"103","Ancistrocarphus.keilii"
"104","Andropogon.glomeratus"
"105","Androsace.elongata"
"106","Anemopsis.californica"
"107","Angelica.californica"
"108","Anisocoma.acaulis"
"109","Antirrhinum.coulterianum"
"110","Antirrhinum.kelloggii"
"111","Antirrhinum.multiflorum"
"112","Antirrhinum.nuttallianum"
"113","Antirrhinum.ovatum"
"114","Aphanes.occidentalis"
"115","Aphanisma.blitoides"
"116","Apiastrum.angustifolium"
"117","Apocynum.cannabinum"
"118","Aquilegia.eximia"
"119","Arbutus.menziesii"
"120","Arctostaphylos.crustacea"
"121","Arctostaphylos.gabilanensis"
"122","Arctostaphylos.glandulosa"
"123","Arctostaphylos.glauca"
"124","Arctostaphylos.insularis"
"125","Arctostaphylos.luciana"
"126","Arctostaphylos.montereyensis"
"127","Arctostaphylos.obispoensis"
"128","Arctostaphylos.otayensis"
"129","Arctostaphylos.pechoensis"
"130","Arctostaphylos.pilosula"
"131","Arctostaphylos.pungens"
"132","Arctostaphylos.purissima"
"133","Arctostaphylos.rainbowensis"
"134","Arctostaphylos.refugioensis"
"135","Arctostaphylos.rudis"
"136","Arctostaphylos.tomentosa"
"137","Arenaria.paludicola"
"138","Argemone.munita"
"139","Argyrochosma.jonesii"
"140","Argyrochosma.limitanea"
"141","Aristida.adscensionis"
"142","Aristida.divaricata"
"143","Aristida.oligantha"
"144","Aristida.purpurea"
"145","Aristida.ternipes"
"146","Aristocapsa.insignis"
"147","Aristolochia.californica"
"148","Artemisia.californica"
"149","Artemisia.douglasiana"
"150","Artemisia.dracunculus"
"151","Artemisia.ludoviciana"
"152","Artemisia.palmeri"
"153","Artemisia.tridentata"
"154","Arthrocnemum.subterminale"
"155","Asclepias.californica"
"156","Asclepias.eriocarpa"
"157","Asclepias.erosa"
"158","Asclepias.fascicularis"
"159","Asclepias.vestita"
"160","Aspidotis.californica"
"161","Asplenium.vespertinum"
"162","Astragalus.asymmetricus"
"163","Astragalus.brauntonii"
"164","Astragalus.coccineus"
"165","Astragalus.curtipes"
"166","Astragalus.deanei"
"167","Astragalus.didymocarpus"
"168","Astragalus.douglasii"
"169","Astragalus.ertterae"
"170","Astragalus.gambelianus"
"171","Astragalus.hornii"
"172","Astragalus.lentiginosus"
"173","Astragalus.macrodon"
"174","Astragalus.miguelensis"
"175","Astragalus.nuttallii"
"176","Astragalus.oocarpus"
"177","Astragalus.oxyphysus"
"178","Astragalus.pachypus"
"179","Astragalus.palmeri"
"180","Astragalus.pomonensis"
"181","Astragalus.pycnostachyus"
"182","Astragalus.tener"
"183","Astragalus.tricarinatus"
"184","Astragalus.trichopodus"
"185","Athysanus.pusillus"
"186","Athysanus.unilateralis"
"187","Atriplex.argentea"
"188","Atriplex.canescens"
"189","Atriplex.cordulata"
"190","Atriplex.coronata"
"191","Atriplex.coulteri"
"192","Atriplex.depressa"
"193","Atriplex.dioica"
"194","Atriplex.fruticulosa"
"195","Atriplex.lentiformis"
"196","Atriplex.leucophylla"
"197","Atriplex.pacifica"
"198","Atriplex.parishii"
"199","Atriplex.patula"
"200","Atriplex.persistens"
"201","Atriplex.polycarpa"
"202","Atriplex.serenana"
"203","Atriplex.watsonii"
"204","Ayenia.compacta"
"205","Azolla.filiculoides"
"206","Azolla.microphylla"
"207","Baccharis.brachyphylla"
"208","Baccharis.glutinosa"
"209","Baccharis.malibuensis"
"210","Baccharis.pilularis"
"211","Baccharis.plummerae"
"212","Baccharis.salicifolia"
"213","Baccharis.salicina"
"214","Baccharis.sarothroides"
"215","Baccharis.sergiloides"
"216","Baccharis.vanessae"
"217","Bacopa.eisenii"
"218","Bahiopsis.laciniata"
"219","Bahiopsis.parishii"
"220","Balsamorhiza.deltoidea"
"221","Balsamorhiza.macrolepis"
"222","Batis.maritima"
"223","Bebbia.juncea"
"224","Benitoa.occidentalis"
"225","Berberis.higginsiae"
"226","Berberis.nevinii"
"227","Berberis.pinnata"
"228","Bergerocactus.emoryi"
"229","Bergia.texana"
"230","Bernardia.incana"
"231","Berula.erecta"
"232","Bidens.frondosa"
"233","Bidens.laevis"
"234","Blennosperma.nanum"
"235","Blepharizonia.laxa"
"236","Blepharizonia.plumosa"
"237","Bloomeria.clevelandii"
"238","Bloomeria.crocea"
"239","Boechera.arcuata"
"240","Boechera.breweri"
"241","Boechera.californica"
"242","Boechera.hoffmannii"
"243","Boechera.johnstonii"
"244","Boechera.perennans"
"245","Boechera.pulchra"
"246","Boechera.xylopoda"
"247","Boerhavia.coccinea"
"248","Bolboschoenus.maritimus"
"249","Bolboschoenus.robustus"
"250","Bothriochloa.barbinodis"
"251","Bouteloua.aristidoides"
"252","Bouteloua.barbata"
"253","Bowlesia.incana"
"254","Boykinia.rotundifolia"
"255","Brickellia.atractyloides"
"256","Brickellia.californica"
"257","Brickellia.desertorum"
"258","Brickellia.frutescens"
"259","Brickellia.microphylla"
"260","Brickellia.nevinii"
"261","Brodiaea.appendiculata"
"262","Brodiaea.elegans"
"263","Brodiaea.filifolia"
"264","Brodiaea.insignis"
"265","Brodiaea.jolonensis"
"266","Brodiaea.nana"
"267","Brodiaea.orcuttii"
"268","Brodiaea.santarosae"
"269","Brodiaea.terrestris"
"270","Bromus.arizonicus"
"271","Bromus.carinatus"
"272","Bromus.grandis"
"273","Bromus.maritimus"
"274","Bromus.polyanthus"
"275","Bromus.pseudolaevipes"
"276","Bromus.sitchensis"
"277","Calamagrostis.koelerioides"
"278","Calamagrostis.rubescens"
"279","Calandrinia.breweri"
"280","Calandrinia.ciliata"
"281","California.macrophylla"
"282","Calliandra.eriophylla"
"283","Callitriche.heterophylla"
"284","Callitriche.longipedunculata"
"285","Callitriche.marginata"
"286","Calochortus.albus"
"287","Calochortus.argillosus"
"288","Calochortus.catalinae"
"289","Calochortus.clavatus"
"290","Calochortus.concolor"
"291","Calochortus.dunnii"
"292","Calochortus.fimbriatus"
"293","Calochortus.kennedyi"
"294","Calochortus.luteus"
"295","Calochortus.obispoensis"
"296","Calochortus.plummerae"
"297","Calochortus.pulchellus"
"298","Calochortus.raichei"
"299","Calochortus.simulans"
"300","Calochortus.splendens"
"301","Calochortus.superbus"
"302","Calochortus.tiburonensis"
"303","Calochortus.uniflorus"
"304","Calochortus.venustus"
"305","Calochortus.weedii"
"306","Calycadenia.hooveri"
"307","Calycadenia.mollis"
"308","Calycadenia.multiglandulosa"
"309","Calycadenia.spicata"
"310","Calycadenia.truncata"
"311","Calycoseris.parryi"
"312","Calyptridium.monandrum"
"313","Calyptridium.pulchellum"
"314","Calystegia.collina"
"315","Calystegia.longipes"
"316","Calystegia.macrostegia"
"317","Calystegia.malacophylla"
"318","Calystegia.peirsonii"
"319","Calystegia.purpurata"
"320","Calystegia.sepium"
"321","Calystegia.soldanella"
"322","Calystegia.subacaulis"
"323","Camissonia.benitensis"
"324","Camissonia.campestris"
"325","Camissonia.contorta"
"326","Camissonia.kernensis"
"327","Camissonia.strigulosa"
"328","Camissoniopsis.bistorta"
"329","Camissoniopsis.cheiranthifolia"
"330","Camissoniopsis.confusa"
"331","Camissoniopsis.hardhamiae"
"332","Camissoniopsis.hirtella"
"333","Camissoniopsis.ignota"
"334","Camissoniopsis.intermedia"
"335","Camissoniopsis.lewisii"
"336","Camissoniopsis.luciae"
"337","Camissoniopsis.micrantha"
"338","Camissoniopsis.pallida"
"339","Camissoniopsis.robusta"
"340","Campanula.exigua"
"341","Campanula.griffinii"
"342","Campanula.sharsmithiae"
"343","Canbya.candida"
"344","Cardamine.californica"
"345","Cardamine.oligosperma"
"346","Cardamine.pensylvanica"
"347","Cardionema.ramosissimum"
"348","Carex.alma"
"349","Carex.barbarae"
"350","Carex.comosa"
"351","Carex.densa"
"352","Carex.globosa"
"353","Carex.gracilior"
"354","Carex.harfordii"
"355","Carex.obispoensis"
"356","Carex.pansa"
"357","Carex.praegracilis"
"358","Carex.schottii"
"359","Carex.senta"
"360","Carex.serratodens"
"361","Carex.spissa"
"362","Carex.subbracteata"
"363","Carex.triquetra"
"364","Carex.tumulicola"
"365","Castilleja.affinis"
"366","Castilleja.attenuata"
"367","Castilleja.brevistyla"
"368","Castilleja.campestris"
"369","Castilleja.densiflora"
"370","Castilleja.exserta"
"371","Castilleja.foliolosa"
"372","Castilleja.hololeuca"
"373","Castilleja.lineariloba"
"374","Castilleja.minor"
"375","Castilleja.mollis"
"376","Castilleja.plagiotoma"
"377","Castilleja.subinclusa"
"378","Caulanthus.amplexicaulis"
"379","Caulanthus.anceps"
"380","Caulanthus.californicus"
"381","Caulanthus.coulteri"
"382","Caulanthus.flavescens"
"383","Caulanthus.hallii"
"384","Caulanthus.heterophyllus"
"385","Caulanthus.lasiophyllus"
"386","Caulanthus.lemmonii"
"387","Caulanthus.simulans"
"388","Ceanothus.arboreus"
"389","Ceanothus.crassifolius"
"390","Ceanothus.cuneatus"
"391","Ceanothus.cyaneus"
"392","Ceanothus.dentatus"
"393","Ceanothus.impressus"
"394","Ceanothus.leucodermis"
"395","Ceanothus.megacarpus"
"396","Ceanothus.oliganthus"
"397","Ceanothus.palmeri"
"398","Ceanothus.papillosus"
"399","Ceanothus.perplexans"
"400","Ceanothus.spinosus"
"401","Ceanothus.thyrsiflorus"
"402","Ceanothus.tomentosus"
"403","Ceanothus.verrucosus"
"404","Ceanothus.vestitus"
"405","Celtis.reticulata"
"406","Centromadia.fitchii"
"407","Centromadia.parryi"
"408","Centromadia.pungens"
"409","Centrostegia.thurberi"
"410","Cephalanthus.occidentalis"
"411","Cerastium.viride"
"412","Cercocarpus.betuloides"
"413","Cercocarpus.minutiflorus"
"414","Cercocarpus.traskiae"
"415","Chaenactis.artemisiifolia"
"416","Chaenactis.fremontii"
"417","Chaenactis.glabriuscula"
"418","Chaenactis.xantiana"
"419","Chamaebatia.australis"
"420","Cheilanthes.clevelandii"
"421","Cheilanthes.cooperae"
"422","Cheilanthes.covillei"
"423","Cheilanthes.newberryi"
"424","Cheilanthes.parryi"
"425","Cheilanthes.viscida"
"426","Chenopodium.berlandieri"
"427","Chenopodium.californicum"
"428","Chenopodium.pratericola"
"429","Chenopodium.rubrum"
"430","Chenopodium.watsonii"
"431","Chilopsis.linearis"
"432","Chloracantha.spinosa"
"433","Chlorogalum.parviflorum"
"434","Chlorogalum.pomeridianum"
"435","Chlorogalum.purpureum"
"436","Chloropyron.maritimum"
"437","Chloropyron.molle"
"438","Chorizanthe.biloba"
"439","Chorizanthe.blakleyi"
"440","Chorizanthe.breweri"
"441","Chorizanthe.clevelandii"
"442","Chorizanthe.diffusa"
"443","Chorizanthe.douglasii"
"444","Chorizanthe.fimbriata"
"445","Chorizanthe.leptotheca"
"446","Chorizanthe.membranacea"
"447","Chorizanthe.obovata"
"448","Chorizanthe.orcuttiana"
"449","Chorizanthe.palmeri"
"450","Chorizanthe.parryi"
"451","Chorizanthe.polygonoides"
"452","Chorizanthe.procumbens"
"453","Chorizanthe.rectispina"
"454","Chorizanthe.staticoides"
"455","Chorizanthe.uniaristata"
"456","Chorizanthe.ventricosa"
"457","Chorizanthe.watsonii"
"458","Chorizanthe.wheeleri"
"459","Chorizanthe.xanti"
"460","Cicendia.quadrangularis"
"461","Cicuta.maculata"
"462","Cirsium.brevistylum"
"463","Cirsium.fontinale"
"464","Cirsium.hydrophilum"
"465","Cirsium.occidentale"
"466","Cirsium.scariosum"
"467","Cistanthe.maritima"
"468","Cladium.californicum"
"469","Clarkia.affinis"
"470","Clarkia.bottae"
"471","Clarkia.breweri"
"472","Clarkia.cylindrica"
"473","Clarkia.davyi"
"474","Clarkia.delicata"
"475","Clarkia.dudleyana"
"476","Clarkia.epilobioides"
"477","Clarkia.exilis"
"478","Clarkia.franciscana"
"479","Clarkia.heterandra"
"480","Clarkia.imbricata"
"481","Clarkia.jolonensis"
"482","Clarkia.lewisii"
"483","Clarkia.modesta"
"484","Clarkia.prostrata"
"485","Clarkia.purpurea"
"486","Clarkia.rhomboidea"
"487","Clarkia.rostrata"
"488","Clarkia.rubicunda"
"489","Clarkia.similis"
"490","Clarkia.speciosa"
"491","Clarkia.tembloriensis"
"492","Clarkia.unguiculata"
"493","Clarkia.xantiana"
"494","Claytonia.exigua"
"495","Claytonia.gypsophiloides"
"496","Claytonia.parviflora"
"497","Claytonia.perfoliata"
"498","Clematis.lasiantha"
"499","Clematis.ligusticifolia"
"500","Clematis.pauciflora"
"501","Clinopodium.chandleri"
"502","Clinopodium.douglasii"
"503","Clinopodium.mimuloides"
"504","Cneoridium.dumosum"
"505","Coleogyne.ramosissima"
"506","Collinsia.bartsiifolia"
"507","Collinsia.callosa"
"508","Collinsia.concolor"
"509","Collinsia.heterophylla"
"510","Collinsia.multicolor"
"511","Collinsia.parryi"
"512","Collinsia.sparsiflora"
"513","Comarostaphylis.diversifolia"
"514","Constancea.nevinii"
"515","Convolvulus.simulans"
"516","Cordylanthus.nidularius"
"517","Cordylanthus.rigidus"
"518","Corethrogyne.filaginifolia"
"519","Cornus.glabrata"
"520","Cornus.sericea"
"521","Crassula.aquatica"
"522","Crassula.connata"
"523","Crassula.solieri"
"524","Cressa.truxillensis"
"525","Crocanthemum.aldersonii"
"526","Crocanthemum.greenei"
"527","Crocanthemum.scoparium"
"528","Crossosoma.bigelovii"
"529","Crossosoma.californicum"
"530","Croton.californicus"
"531","Croton.setiger"
"532","Cryptantha.barbigera"
"533","Cryptantha.clevelandii"
"534","Cryptantha.clokeyi"
"535","Cryptantha.corollata"
"536","Cryptantha.decipiens"
"537","Cryptantha.flaccida"
"538","Cryptantha.intermedia"
"539","Cryptantha.leiocarpa"
"540","Cryptantha.micrantha"
"541","Cryptantha.micromeres"
"542","Cryptantha.microstachys"
"543","Cryptantha.muricata"
"544","Cryptantha.nemaclada"
"545","Cryptantha.nevadensis"
"546","Cryptantha.oxygona"
"547","Cryptantha.pterocarya"
"548","Cryptantha.racemosa"
"549","Cryptantha.rattanii"
"550","Cryptantha.similis"
"551","Cryptantha.sparsiflora"
"552","Cryptantha.utahensis"
"553","Cucurbita.digitata"
"554","Cucurbita.foetidissima"
"555","Cucurbita.palmata"
"556","Cuscuta.brachycalyx"
"557","Cuscuta.californica"
"558","Cuscuta.campestris"
"559","Cuscuta.howelliana"
"560","Cuscuta.indecora"
"561","Cuscuta.obtusiflora"
"562","Cuscuta.pacifica"
"563","Cuscuta.salina"
"564","Cuscuta.subinclusa"
"565","Cylindropuntia.acanthocarpa"
"566","Cylindropuntia.californica"
"567","Cylindropuntia.echinocarpa"
"568","Cylindropuntia.ganderi"
"569","Cylindropuntia.prolifera"
"570","Cynoglossum.grande"
"571","Cyperus.acuminatus"
"572","Cyperus.bipartitus"
"573","Cyperus.eragrostis"
"574","Cyperus.erythrorhizos"
"575","Cyperus.esculentus"
"576","Cyperus.laevigatus"
"577","Cyperus.niger"
"578","Cyperus.odoratus"
"579","Cyperus.parishii"
"580","Cyperus.squarrosus"
"581","Cyperus.strigosus"
"582","Dasyochloa.pulchella"
"583","Datisca.glomerata"
"584","Datura.wrightii"
"585","Daucus.pusillus"
"586","Deinandra.clementina"
"587","Deinandra.conjugens"
"588","Deinandra.corymbosa"
"589","Deinandra.fasciculata"
"590","Deinandra.floribunda"
"591","Deinandra.halliana"
"592","Deinandra.increscens"
"593","Deinandra.kelloggii"
"594","Deinandra.lobbii"
"595","Deinandra.minthornii"
"596","Deinandra.mohavensis"
"597","Deinandra.pallida"
"598","Deinandra.paniculata"
"599","Deinandra.pentactis"
"600","Delphinium.bakeri"
"601","Delphinium.californicum"
"602","Delphinium.cardinale"
"603","Delphinium.gypsophilum"
"604","Delphinium.hansenii"
"605","Delphinium.hesperium"
"606","Delphinium.parishii"
"607","Delphinium.parryi"
"608","Delphinium.patens"
"609","Delphinium.purpusii"
"610","Delphinium.recurvatum"
"611","Delphinium.umbraculorum"
"612","Delphinium.variegatum"
"613","Dendromecon.harfordii"
"614","Dendromecon.rigida"
"615","Deschampsia.danthonioides"
"616","Descurainia.adenophora"
"617","Descurainia.nelsonii"
"618","Descurainia.pinnata"
"619","Dichelostemma.capitatum"
"620","Dichondra.donelliana"
"621","Dichondra.occidentalis"
"622","Dicoria.canescens"
"623","Dicranostegia.orcuttiana"
"624","Dieteria.asteroides"
"625","Digitaria.californica"
"626","Dissanthelium.californicum"
"627","Distichlis.littoralis"
"628","Distichlis.spicata"
"629","Dithyrea.maritima"
"630","Dodecahema.leptoceras"
"631","Downingia.bella"
"632","Downingia.bicornuta"
"633","Downingia.concolor"
"634","Downingia.cuspidata"
"635","Downingia.insignis"
"636","Downingia.ornatissima"
"637","Downingia.pulchella"
"638","Downingia.pusilla"
"639","Draba.cuneifolia"
"640","Drymocallis.glandulosa"
"641","Dryopteris.arguta"
"642","Dudleya.abramsii"
"643","Dudleya.arizonica"
"644","Dudleya.blochmaniae"
"645","Dudleya.brevifolia"
"646","Dudleya.caespitosa"
"647","Dudleya.candelabrum"
"648","Dudleya.cymosa"
"649","Dudleya.densiflora"
"650","Dudleya.edulis"
"651","Dudleya.gnoma"
"652","Dudleya.greenei"
"653","Dudleya.lanceolata"
"654","Dudleya.multicaulis"
"655","Dudleya.nesiotica"
"656","Dudleya.palmeri"
"657","Dudleya.parva"
"658","Dudleya.pulverulenta"
"659","Dudleya.saxosa"
"660","Dudleya.stolonifera"
"661","Dudleya.variegata"
"662","Dudleya.verityi"
"663","Dudleya.virens"
"664","Dudleya.viscida"
"665","Eastwoodia.elegans"
"666","Echinocereus.engelmannii"
"667","Echinochloa.muricata"
"668","Echinodorus.berteroi"
"669","Eclipta.prostrata"
"670","Ehrendorferia.chrysantha"
"671","Ehrendorferia.ochroleuca"
"672","Elatine.brachysperma"
"673","Elatine.californica"
"674","Elatine.chilensis"
"675","Eleocharis.atropurpurea"
"676","Eleocharis.coloradoensis"
"677","Eleocharis.flavescens"
"678","Eleocharis.geniculata"
"679","Eleocharis.macrostachya"
"680","Eleocharis.montevidensis"
"681","Eleocharis.palustris"
"682","Eleocharis.parishii"
"683","Eleocharis.parvula"
"684","Eleocharis.radicans"
"685","Eleocharis.rostellata"
"686","Elodea.canadensis"
"687","Elymus.condensatus"
"688","Elymus.glaucus"
"689","Elymus.multisetus"
"690","Elymus.triticoides"
"691","Emmenanthe.penduliflora"
"692","Encelia.actoni"
"693","Encelia.californica"
"694","Encelia.farinosa"
"695","Enemion.occidentale"
"696","Ephedra.californica"
"697","Ephedra.viridis"
"698","Epilobium.brachycarpum"
"699","Epilobium.campestre"
"700","Epilobium.canum"
"701","Epilobium.ciliatum"
"702","Epilobium.cleistogamum"
"703","Epilobium.densiflorum"
"704","Epilobium.torreyi"
"705","Epipactis.gigantea"
"706","Equisetum.hyemale"
"707","Equisetum.laevigatum"
"708","Equisetum.telmateia"
"709","Eragrostis.hypnoides"
"710","Eragrostis.lutescens"
"711","Eragrostis.mexicana"
"712","Eragrostis.pectinacea"
"713","Eremalche.parryi"
"714","Eremogone.macradenia"
"715","Eremothera.boothii"
"716","Eriastrum.abramsii"
"717","Eriastrum.brandegeeae"
"718","Eriastrum.densifolium"
"719","Eriastrum.diffusum"
"720","Eriastrum.eremicum"
"721","Eriastrum.filifolium"
"722","Eriastrum.pluriflorum"
"723","Eriastrum.sapphirinum"
"724","Eriastrum.tracyi"
"725","Eriastrum.virgatum"
"726","Ericameria.brachylepis"
"727","Ericameria.cooperi"
"728","Ericameria.cuneata"
"729","Ericameria.ericoides"
"730","Ericameria.linearifolia"
"731","Ericameria.palmeri"
"732","Ericameria.paniculata"
"733","Ericameria.parishii"
"734","Ericameria.pinifolia"
"735","Ericameria.teretifolia"
"736","Erigeron.biolettii"
"737","Erigeron.canadensis"
"738","Erigeron.foliosus"
"739","Erigeron.glaucus"
"740","Erigeron.philadelphicus"
"741","Erigeron.sanctarum"
"742","Eriochloa.acuminata"
"743","Eriodictyon.altissimum"
"744","Eriodictyon.capitatum"
"745","Eriodictyon.crassifolium"
"746","Eriodictyon.parryi"
"747","Eriodictyon.tomentosum"
"748","Eriodictyon.traskiae"
"749","Eriodictyon.trichocalyx"
"750","Eriogonum.angulosum"
"751","Eriogonum.arborescens"
"752","Eriogonum.argillosum"
"753","Eriogonum.baileyi"
"754","Eriogonum.callistum"
"755","Eriogonum.cedrorum"
"756","Eriogonum.cinereum"
"757","Eriogonum.cithariforme"
"758","Eriogonum.clavatum"
"759","Eriogonum.covilleanum"
"760","Eriogonum.crocatum"
"761","Eriogonum.davidsonii"
"762","Eriogonum.eastwoodianum"
"763","Eriogonum.elegans"
"764","Eriogonum.elongatum"
"765","Eriogonum.fasciculatum"
"766","Eriogonum.giganteum"
"767","Eriogonum.gossypinum"
"768","Eriogonum.gracile"
"769","Eriogonum.gracillimum"
"770","Eriogonum.grande"
"771","Eriogonum.heermannii"
"772","Eriogonum.inerme"
"773","Eriogonum.nortonii"
"774","Eriogonum.ordii"
"775","Eriogonum.parvifolium"
"776","Eriogonum.plumatella"
"777","Eriogonum.pusillum"
"778","Eriogonum.roseum"
"779","Eriogonum.saxatile"
"780","Eriogonum.temblorense"
"781","Eriogonum.thurberi"
"782","Eriogonum.truncatum"
"783","Eriogonum.viridescens"
"784","Eriogonum.wrightii"
"785","Eriophyllum.ambiguum"
"786","Eriophyllum.confertiflorum"
"787","Eriophyllum.jepsonii"
"788","Eriophyllum.latilobum"
"789","Eriophyllum.multicaule"
"790","Eriophyllum.pringlei"
"791","Eriophyllum.staechadifolium"
"792","Eriophyllum.wallacei"
"793","Eryngium.aristulatum"
"794","Eryngium.armatum"
"795","Eryngium.castrense"
"796","Eryngium.jepsonii"
"797","Eryngium.pendletonense"
"798","Eryngium.spinosepalum"
"799","Eryngium.vaseyi"
"800","Erysimum.capitatum"
"801","Erysimum.insulare"
"802","Erysimum.suffrutescens"
"803","Eschscholzia.caespitosa"
"804","Eschscholzia.californica"
"805","Eschscholzia.hypecoides"
"806","Eschscholzia.lemmonii"
"807","Eschscholzia.lobbii"
"808","Eschscholzia.ramosa"
"809","Eucrypta.chrysanthemifolia"
"810","Eulobus.californicus"
"811","Euphorbia.abramsiana"
"812","Euphorbia.albomarginata"
"813","Euphorbia.crenulata"
"814","Euphorbia.hooveri"
"815","Euphorbia.lurida"
"816","Euphorbia.melanadenia"
"817","Euphorbia.misera"
"818","Euphorbia.ocellata"
"819","Euphorbia.polycarpa"
"820","Euphorbia.serpyllifolia"
"821","Euphorbia.spathulata"
"822","Eurybia.radulina"
"823","Eustoma.exaltatum"
"824","Euthamia.occidentalis"
"825","Extriplex.californica"
"826","Extriplex.joaquinana"
"827","Ferocactus.viridescens"
"828","Festuca.elmeri"
"829","Festuca.microstachys"
"830","Festuca.octoflora"
"831","Fimbristylis.thermalis"
"832","Fimbristylis.vahlii"
"833","Forestiera.pubescens"
"834","Fragaria.chiloensis"
"835","Frangula.californica"
"836","Frankenia.palmeri"
"837","Frankenia.salina"
"838","Frasera.parryi"
"839","Fraxinus.dipetala"
"840","Fraxinus.latifolia"
"841","Fraxinus.parryi"
"842","Fraxinus.velutina"
"843","Fremontodendron.californicum"
"844","Fremontodendron.mexicanum"
"845","Fritillaria.agrestis"
"846","Fritillaria.biflora"
"847","Fritillaria.falcata"
"848","Fritillaria.ojaiensis"
"849","Fritillaria.striata"
"850","Fritillaria.viridea"
"851","Funastrum.cynanchoides"
"852","Galium.andrewsii"
"853","Galium.angustifolium"
"854","Galium.aparine"
"855","Galium.argense"
"856","Galium.buxifolium"
"857","Galium.californicum"
"858","Galium.catalinense"
"859","Galium.cliftonsmithii"
"860","Galium.hallii"
"861","Galium.hardhamiae"
"862","Galium.nuttallii"
"863","Galium.porrigens"
"864","Galium.tricornutum"
"865","Gambelia.speciosa"
"866","Gamochaeta.ustulata"
"867","Garrya.congdonii"
"868","Garrya.flavescens"
"869","Garrya.veatchii"
"870","Geraea.viscida"
"871","Geranium.bicknellii"
"872","Geranium.carolinianum"
"873","Gilia.achilleifolia"
"874","Gilia.aliquanta"
"875","Gilia.angelensis"
"876","Gilia.austro.occidentalis"
"877","Gilia.brecciarum"
"878","Gilia.capitata"
"879","Gilia.clivorum"
"880","Gilia.diegensis"
"881","Gilia.interior"
"882","Gilia.jacens"
"883","Gilia.minor"
"884","Gilia.modocensis"
"885","Gilia.nevinii"
"886","Gilia.ochroleuca"
"887","Gilia.tenuiflora"
"888","Gilia.tricolor"
"889","Githopsis.diffusa"
"890","Githopsis.tenella"
"891","Glaux.maritima"
"892","Glycyrrhiza.lepidota"
"893","Gnaphalium.palustre"
"894","Gratiola.ebracteata"
"895","Gratiola.heterosepala"
"896","Grindelia.camporum"
"897","Grindelia.hirsutula"
"898","Gutierrezia.californica"
"899","Gutierrezia.sarothrae"
"900","Harpagonella.palmeri"
"901","Hazardia.detonsa"
"902","Hazardia.orcuttii"
"903","Hazardia.squarrosa"
"904","Hazardia.stenolepis"
"905","Helenium.puberulum"
"906","Helianthus.annuus"
"907","Helianthus.bolanderi"
"908","Helianthus.californicus"
"909","Helianthus.gracilentus"
"910","Helianthus.nuttallii"
"911","Helianthus.petiolaris"
"912","Heliotropium.curassavicum"
"913","Hemizonia.congesta"
"914","Hesperevax.acaulis"
"915","Hesperevax.caulescens"
"916","Hesperevax.sparsiflora"
"917","Hesperocnide.tenella"
"918","Hesperocyparis.forbesii"
"919","Hesperocyparis.nevadensis"
"920","Hesperocyparis.sargentii"
"921","Hesperocyparis.stephensonii"
"922","Hesperolinon.breweri"
"923","Hesperolinon.disjunctum"
"924","Hesperolinon.micranthum"
"925","Hesperomecon.linearis"
"926","Hesperoyucca.whipplei"
"927","Heterocodon.rariflorum"
"928","Heteromeles.arbutifolia"
"929","Heterotheca.grandiflora"
"930","Heterotheca.sessiliflora"
"931","Heterotheca.shevockii"
"932","Heterotheca.subaxillaris"
"933","Heuchera.maxima"
"934","Heuchera.pilosissima"
"935","Hieracium.argutum"
"936","Hilaria.rigida"
"937","Hoffmannseggia.glauca"
"938","Hoita.macrostachya"
"939","Hoita.orbicularis"
"940","Hoita.strobilina"
"941","Hollisteria.lanata"
"942","Holocarpha.heermannii"
"943","Holocarpha.virgata"
"944","Holozonia.filipes"
"945","Hordeum.arizonicum"
"946","Hordeum.brachyantherum"
"947","Hordeum.depressum"
"948","Hordeum.intercedens"
"949","Horkelia.cuneata"
"950","Horkelia.truncata"
"951","Horkelia.yadonii"
"952","Hulsea.californica"
"953","Hulsea.heterochroma"
"954","Hulsea.mexicana"
"955","Hydrocotyle.ranunculoides"
"956","Hydrocotyle.umbellata"
"957","Hydrocotyle.verticillata"
"958","Imperata.brevifolia"
"959","Ipomopsis.tenuifolia"
"960","Isocoma.acradenia"
"961","Isocoma.arguta"
"962","Isocoma.menziesii"
"963","Isoetes.howellii"
"964","Isoetes.orcuttii"
"965","Isolepis.carinata"
"966","Isolepis.cernua"
"967","Iva.axillaris"
"968","Iva.hayesiana"
"969","Jaumea.carnosa"
"970","Jepsonia.malvifolia"
"971","Jepsonia.parryi"
"972","Juglans.californica"
"973","Juglans.hindsii"
"974","Juncus.acuminatus"
"975","Juncus.acutus"
"976","Juncus.balticus"
"977","Juncus.bryoides"
"978","Juncus.bufonius"
"979","Juncus.dubius"
"980","Juncus.effusus"
"981","Juncus.hesperius"
"982","Juncus.lescurii"
"983","Juncus.macrophyllus"
"984","Juncus.mexicanus"
"985","Juncus.occidentalis"
"986","Juncus.oxymeris"
"987","Juncus.patens"
"988","Juncus.phaeocephalus"
"989","Juncus.rugulosus"
"990","Juncus.textilis"
"991","Juncus.tiehmii"
"992","Juncus.torreyi"
"993","Juncus.uncialis"
"994","Juncus.xiphioides"
"995","Juniperus.californica"
"996","Keckiella.antirrhinoides"
"997","Keckiella.breviflora"
"998","Keckiella.cordifolia"
"999","Keckiella.ternata"
"1000","Kochia.californica"
"1001","Koeleria.macrantha"
"1002","Krameria.bicolor"
"1003","Krameria.erecta"
"1004","Laennecia.coulteri"
"1005","Lagophylla.ramosissima"
"1006","Landoltia.punctata"
"1007","Lastarriaea.coriacea"
"1008","Lasthenia.californica"
"1009","Lasthenia.conjugens"
"1010","Lasthenia.coronaria"
"1011","Lasthenia.debilis"
"1012","Lasthenia.ferrisiae"
"1013","Lasthenia.fremontii"
"1014","Lasthenia.glaberrima"
"1015","Lasthenia.glabrata"
"1016","Lasthenia.gracilis"
"1017","Lasthenia.leptalea"
"1018","Lasthenia.microglossa"
"1019","Lasthenia.minor"
"1020","Lasthenia.platycarpha"
"1021","Lathyrus.jepsonii"
"1022","Lathyrus.splendens"
"1023","Lathyrus.vestitus"
"1024","Layia.chrysanthemoides"
"1025","Layia.discoidea"
"1026","Layia.fremontii"
"1027","Layia.gaillardioides"
"1028","Layia.glandulosa"
"1029","Layia.heterotricha"
"1030","Layia.hieracioides"
"1031","Layia.jonesii"
"1032","Layia.pentachaeta"
"1033","Layia.platyglossa"
"1034","Leersia.oryzoides"
"1035","Legenere.limosa"
"1036","Lemna.gibba"
"1037","Lemna.minor"
"1038","Lemna.minuta"
"1039","Lemna.turionifera"
"1040","Lemna.valdiviana"
"1041","Lepechinia.calycina"
"1042","Lepechinia.cardiophylla"
"1043","Lepechinia.fragrans"
"1044","Lepechinia.ganderi"
"1045","Lepechinia.rossii"
"1046","Lepidium.acutidens"
"1047","Lepidium.densiflorum"
"1048","Lepidium.dictyotum"
"1049","Lepidium.lasiocarpum"
"1050","Lepidium.latipes"
"1051","Lepidium.nitidum"
"1052","Lepidium.oblongum"
"1053","Lepidium.oxycarpum"
"1054","Lepidium.ramosissimum"
"1055","Lepidium.strictum"
"1056","Lepidium.virginicum"
"1057","Lepidospartum.squamatum"
"1058","Leptochloa.dubia"
"1059","Leptochloa.fusca"
"1060","Leptochloa.viscida"
"1061","Leptosiphon.ambiguus"
"1062","Leptosiphon.androsaceus"
"1063","Leptosiphon.bicolor"
"1064","Leptosiphon.filipes"
"1065","Leptosiphon.floribundus"
"1066","Leptosiphon.lemmonii"
"1067","Leptosiphon.liniflorus"
"1068","Leptosiphon.montanus"
"1069","Leptosiphon.nudatus"
"1070","Leptosiphon.parviflorus"
"1071","Leptosiphon.pygmaeus"
"1072","Leptosiphon.serrulatus"
"1073","Leptosyne.bigelovii"
"1074","Leptosyne.californica"
"1075","Leptosyne.calliopsidea"
"1076","Leptosyne.douglasii"
"1077","Leptosyne.gigantea"
"1078","Leptosyne.maritima"
"1079","Leptosyne.stillmanii"
"1080","Lessingia.glandulifera"
"1081","Lessingia.hololeuca"
"1082","Lessingia.nemaclada"
"1083","Lessingia.pectinata"
"1084","Lessingia.tenuis"
"1085","Leucosyris.carnosa"
"1086","Lewisia.congdonii"
"1087","Lilium.humboldtii"
"1088","Limnanthes.alba"
"1089","Limnanthes.douglasii"
"1090","Limnanthes.montana"
"1091","Limonium.californicum"
"1092","Limosella.acaulis"
"1093","Linanthus.bellus"
"1094","Linanthus.bigelovii"
"1095","Linanthus.californicus"
"1096","Linanthus.dianthiflorus"
"1097","Linanthus.dichotomus"
"1098","Linanthus.maculatus"
"1099","Linanthus.orcuttii"
"1100","Linanthus.parryae"
"1101","Lindernia.dubia"
"1102","Lithophragma.affine"
"1103","Lithophragma.bolanderi"
"1104","Lithophragma.cymbalaria"
"1105","Lithophragma.heterophyllum"
"1106","Lithophragma.parviflorum"
"1107","Lobelia.cardinalis"
"1108","Lobelia.dunnii"
"1109","Loeflingia.squarrosa"
"1110","Loeseliastrum.matthewsii"
"1111","Loeseliastrum.schottii"
"1112","Logfia.arizonica"
"1113","Logfia.depressa"
"1114","Logfia.filaginoides"
"1115","Lomatium.californicum"
"1116","Lomatium.caruifolium"
"1117","Lomatium.dasycarpum"
"1118","Lomatium.lucidum"
"1119","Lomatium.mohavense"
"1120","Lomatium.observatorium"
"1121","Lomatium.parvifolium"
"1122","Lomatium.utriculatum"
"1123","Lonicera.hispidula"
"1124","Lonicera.interrupta"
"1125","Lonicera.subspicata"
"1126","Ludwigia.repens"
"1127","Lupinus.affinis"
"1128","Lupinus.albifrons"
"1129","Lupinus.arboreus"
"1130","Lupinus.benthamii"
"1131","Lupinus.bicolor"
"1132","Lupinus.chamissonis"
"1133","Lupinus.concinnus"
"1134","Lupinus.excubitus"
"1135","Lupinus.formosus"
"1136","Lupinus.hirsutissimus"
"1137","Lupinus.hyacinthinus"
"1138","Lupinus.latifolius"
"1139","Lupinus.longifolius"
"1140","Lupinus.ludovicianus"
"1141","Lupinus.microcarpus"
"1142","Lupinus.nanus"
"1143","Lupinus.nipomensis"
"1144","Lupinus.pachylobus"
"1145","Lupinus.sparsiflorus"
"1146","Lupinus.succulentus"
"1147","Lupinus.truncatus"
"1148","Luzula.subsessilis"
"1149","Lycium.andersonii"
"1150","Lycium.brevipes"
"1151","Lycium.californicum"
"1152","Lycium.cooperi"
"1153","Lycium.parishii"
"1154","Lycopus.americanus"
"1155","Lyonothamnus.floribundus"
"1156","Lythrum.californicum"
"1157","Madia.anomala"
"1158","Madia.exigua"
"1159","Madia.gracilis"
"1160","Madia.radiata"
"1161","Madia.sativa"
"1162","Malacothamnus.abbottii"
"1163","Malacothamnus.aboriginum"
"1164","Malacothamnus.davidsonii"
"1165","Malacothamnus.densiflorus"
"1166","Malacothamnus.fasciculatus"
"1167","Malacothamnus.fremontii"
"1168","Malacothamnus.jonesii"
"1169","Malacothamnus.marrubioides"
"1170","Malacothamnus.orbiculatus"
"1171","Malacothamnus.palmeri"
"1172","Malacothrix.californica"
"1173","Malacothrix.clevelandii"
"1174","Malacothrix.coulteri"
"1175","Malacothrix.floccifera"
"1176","Malacothrix.foliosa"
"1177","Malacothrix.glabrata"
"1178","Malacothrix.incana"
"1179","Malacothrix.indecora"
"1180","Malacothrix.phaeocarpa"
"1181","Malacothrix.saxatilis"
"1182","Malacothrix.similis"
"1183","Malacothrix.squalida"
"1184","Malacothrix.stebbinsii"
"1185","Malosma.laurina"
"1186","Malva.assurgentiflora"
"1187","Malvella.leprosa"
"1188","Mammillaria.dioica"
"1189","Mammillaria.tetrancistra"
"1190","Marah.fabacea"
"1191","Marah.horrida"
"1192","Marah.macrocarpa"
"1193","Marina.orcuttii"
"1194","Marsilea.vestita"
"1195","Matelea.parvifolia"
"1196","Matricaria.occidentalis"
"1197","Meconella.californica"
"1198","Meconella.denticulata"
"1199","Meconella.oregana"
"1200","Melica.californica"
"1201","Melica.frutescens"
"1202","Melica.imperfecta"
"1203","Menodora.scabra"
"1204","Mentha.canadensis"
"1205","Mentzelia.affinis"
"1206","Mentzelia.albicaulis"
"1207","Mentzelia.congesta"
"1208","Mentzelia.gracilenta"
"1209","Mentzelia.jonesii"
"1210","Mentzelia.laevicaulis"
"1211","Mentzelia.micrantha"
"1212","Mentzelia.montana"
"1213","Mentzelia.pectinata"
"1214","Mentzelia.ravenii"
"1215","Mentzelia.veatchiana"
"1216","Micranthes.californica"
"1217","Micropus.californicus"
"1218","Microseris.acuminata"
"1219","Microseris.bigelovii"
"1220","Microseris.campestris"
"1221","Microseris.douglasii"
"1222","Microseris.elegans"
"1223","Microseris.paludosa"
"1224","Microseris.sylvatica"
"1225","Microsteris.gracilis"
"1226","Mimulus.androsaceus"
"1227","Mimulus.aurantiacus"
"1228","Mimulus.bolanderi"
"1229","Mimulus.brevipes"
"1230","Mimulus.cardinalis"
"1231","Mimulus.clevelandii"
"1232","Mimulus.congdonii"
"1233","Mimulus.constrictus"
"1234","Mimulus.douglasii"
"1235","Mimulus.floribundus"
"1236","Mimulus.fremontii"
"1237","Mimulus.guttatus"
"1238","Mimulus.latidens"
"1239","Mimulus.latifolius"
"1240","Mimulus.palmeri"
"1241","Mimulus.parishii"
"1242","Mimulus.pictus"
"1243","Mimulus.pilosus"
"1244","Mimulus.rattanii"
"1245","Mimulus.rubellus"
"1246","Mimulus.tricolor"
"1247","Minuartia.californica"
"1248","Minuartia.cismontana"
"1249","Minuartia.douglasii"
"1250","Minuartia.pusilla"
"1251","Mirabilis.albida"
"1252","Mirabilis.laevis"
"1253","Mirabilis.multiflora"
"1254","Monardella.breweri"
"1255","Monardella.candicans"
"1256","Monardella.douglasii"
"1257","Monardella.hypoleuca"
"1258","Monardella.nana"
"1259","Monardella.palmeri"
"1260","Monardella.pringlei"
"1261","Monardella.sinuata"
"1262","Monardella.stoneana"
"1263","Monardella.viminea"
"1264","Monolepis.nuttalliana"
"1265","Monolopia.congdonii"
"1266","Monolopia.lanceolata"
"1267","Monolopia.major"
"1268","Monolopia.stricta"
"1269","Montia.fontana"
"1270","Morella.californica"
"1271","Mucronea.californica"
"1272","Mucronea.perfoliata"
"1273","Muhlenbergia.appressa"
"1274","Muhlenbergia.asperifolia"
"1275","Muhlenbergia.californica"
"1276","Muhlenbergia.microsperma"
"1277","Muhlenbergia.rigens"
"1278","Muhlenbergia.utilis"
"1279","Muilla.maritima"
"1280","Myosurus.minimus"
"1281","Najas.guadalupensis"
"1282","Najas.marina"
"1283","Nama.californica"
"1284","Nama.demissa"
"1285","Nama.stenocarpa"
"1286","Nasturtium.gambelii"
"1287","Nasturtium.officinale"
"1288","Navarretia.atractyloides"
"1289","Navarretia.cotulifolia"
"1290","Navarretia.eriocephala"
"1291","Navarretia.fossalis"
"1292","Navarretia.hamata"
"1293","Navarretia.heterandra"
"1294","Navarretia.intertexta"
"1295","Navarretia.leucocephala"
"1296","Navarretia.mellita"
"1297","Navarretia.mitracarpa"
"1298","Navarretia.myersii"
"1299","Navarretia.nigelliformis"
"1300","Navarretia.ojaiensis"
"1301","Navarretia.prostrata"
"1302","Navarretia.setiloba"
"1303","Navarretia.tagetina"
"1304","Navarretia.viscidula"
"1305","Nemacaulis.denudata"
"1306","Nemacladus.calcaratus"
"1307","Nemacladus.californicus"
"1308","Nemacladus.glanduliferus"
"1309","Nemacladus.gracilis"
"1310","Nemacladus.longiflorus"
"1311","Nemacladus.pinnatifidus"
"1312","Nemacladus.ramosissimus"
"1313","Nemacladus.rubescens"
"1314","Nemacladus.secundiflorus"
"1315","Nemacladus.sigmoideus"
"1316","Nemophila.menziesii"
"1317","Nemophila.pedunculata"
"1318","Nemophila.pulchella"
"1319","Neostapfia.colusana"
"1320","Nicotiana.attenuata"
"1321","Nicotiana.clevelandii"
"1322","Nicotiana.quadrivalvis"
"1323","Nitrophila.occidentalis"
"1324","Nolina.cismontana"
"1325","Nolina.interrata"
"1326","Nolina.parryi"
"1327","Notholaena.californica"
"1328","Nuttallanthus.texanus"
"1329","Oenanthe.sarmentosa"
"1330","Oenothera.californica"
"1331","Oenothera.deltoides"
"1332","Oenothera.elata"
"1333","Oligomeris.linifolia"
"1334","Ophioglossum.californicum"
"1335","Opuntia.basilaris"
"1336","Opuntia.chlorotica"
"1337","Opuntia.engelmannii"
"1338","Opuntia.littoralis"
"1339","Opuntia.oricola"
"1340","Opuntia.phaeacantha"
"1341","Orcuttia.californica"
"1342","Orcuttia.inaequalis"
"1343","Orobanche.bulbosa"
"1344","Orobanche.californica"
"1345","Orobanche.fasciculata"
"1346","Orobanche.parishii"
"1347","Orobanche.valida"
"1348","Orobanche.vallicola"
"1349","Osmadenia.tenella"
"1350","Osmorhiza.brachypoda"
"1351","Oxalis.californica"
"1352","Oxalis.pilosa"
"1353","Packera.breweri"
"1354","Packera.ganderi"
"1355","Paeonia.californica"
"1356","Panicum.capillare"
"1357","Panicum.hirticaule"
"1358","Panicum.urvilleanum"
"1359","Papaver.californicum"
"1360","Papaver.heterophyllum"
"1361","Parietaria.hespera"
"1362","Parietaria.pensylvanica"
"1363","Paspalum.distichum"
"1364","Pectocarya.linearis"
"1365","Pectocarya.penicillata"
"1366","Pectocarya.pusilla"
"1367","Pectocarya.recurvata"
"1368","Pectocarya.setosa"
"1369","Pedicularis.densiflora"
"1370","Pedicularis.dudleyi"
"1371","Pediomelum.californicum"
"1372","Pellaea.andromedifolia"
"1373","Pellaea.mucronata"
"1374","Penstemon.centranthifolius"
"1375","Penstemon.clevelandii"
"1376","Penstemon.grinnellii"
"1377","Penstemon.heterophyllus"
"1378","Penstemon.pseudospectabilis"
"1379","Penstemon.rattanii"
"1380","Penstemon.spectabilis"
"1381","Penstemon.thurberi"
"1382","Pentachaeta.alsinoides"
"1383","Pentachaeta.aurea"
"1384","Pentachaeta.exilis"
"1385","Pentachaeta.fragilis"
"1386","Pentachaeta.lyonii"
"1387","Pentagramma.pallida"
"1388","Pentagramma.triangularis"
"1389","Perideridia.californica"
"1390","Perideridia.pringlei"
"1391","Peritoma.arborea"
"1392","Perityle.emoryi"
"1393","Persicaria.amphibia"
"1394","Persicaria.hydropiperoides"
"1395","Persicaria.lapathifolia"
"1396","Persicaria.punctata"
"1397","Petalonyx.thurberi"
"1398","Petrophytum.caespitosum"
"1399","Petunia.parviflora"
"1400","Phacelia.affinis"
"1401","Phacelia.brachyloba"
"1402","Phacelia.breweri"
"1403","Phacelia.campanularia"
"1404","Phacelia.cicutaria"
"1405","Phacelia.ciliata"
"1406","Phacelia.congdonii"
"1407","Phacelia.cryptantha"
"1408","Phacelia.curvipes"
"1409","Phacelia.distans"
"1410","Phacelia.divaricata"
"1411","Phacelia.douglasii"
"1412","Phacelia.egena"
"1413","Phacelia.floribunda"
"1414","Phacelia.fremontii"
"1415","Phacelia.grandiflora"
"1416","Phacelia.hubbyi"
"1417","Phacelia.imbricata"
"1418","Phacelia.keckii"
"1419","Phacelia.longipes"
"1420","Phacelia.lyonii"
"1421","Phacelia.malvifolia"
"1422","Phacelia.minor"
"1423","Phacelia.nashiana"
"1424","Phacelia.nemoralis"
"1425","Phacelia.parryi"
"1426","Phacelia.phacelioides"
"1427","Phacelia.platyloba"
"1428","Phacelia.ramosissima"
"1429","Phacelia.rattanii"
"1430","Phacelia.stellaris"
"1431","Phacelia.suaveolens"
"1432","Phacelia.tanacetifolia"
"1433","Phacelia.umbrosa"
"1434","Phacelia.viscida"
"1435","Phalaris.angusta"
"1436","Phalaris.arundinacea"
"1437","Phalaris.californica"
"1438","Phalaris.lemmonii"
"1439","Pholisma.arenarium"
"1440","Pholistoma.auritum"
"1441","Pholistoma.membranaceum"
"1442","Pholistoma.racemosum"
"1443","Phoradendron.bolleanum"
"1444","Phoradendron.californicum"
"1445","Phoradendron.leucarpum"
"1446","Phragmites.australis"
"1447","Phyla.lanceolata"
"1448","Phyla.nodiflora"
"1449","Phyllospadix.scouleri"
"1450","Phyllospadix.torreyi"
"1451","Physalis.acutifolia"
"1452","Pickeringia.montana"
"1453","Pilularia.americana"
"1454","Pinus.attenuata"
"1455","Pinus.coulteri"
"1456","Pinus.monophylla"
"1457","Pinus.muricata"
"1458","Pinus.quadrifolia"
"1459","Pinus.sabiniana"
"1460","Pinus.torreyana"
"1461","Piperia.cooperi"
"1462","Piperia.elegans"
"1463","Piperia.elongata"
"1464","Piperia.leptopetala"
"1465","Piperia.michaelii"
"1466","Plagiobothrys.acanthocarpus"
"1467","Plagiobothrys.arizonicus"
"1468","Plagiobothrys.austiniae"
"1469","Plagiobothrys.bracteatus"
"1470","Plagiobothrys.canescens"
"1471","Plagiobothrys.chorisianus"
"1472","Plagiobothrys.collinus"
"1473","Plagiobothrys.diffusus"
"1474","Plagiobothrys.fulvus"
"1475","Plagiobothrys.glaber"
"1476","Plagiobothrys.greenei"
"1477","Plagiobothrys.humistratus"
"1478","Plagiobothrys.infectivus"
"1479","Plagiobothrys.leptocladus"
"1480","Plagiobothrys.nothofulvus"
"1481","Plagiobothrys.stipitatus"
"1482","Plagiobothrys.tenellus"
"1483","Plagiobothrys.trachycarpus"
"1484","Plagiobothrys.uncinatus"
"1485","Plagiobothrys.undulatus"
"1486","Planodes.virginica"
"1487","Plantago.elongata"
"1488","Plantago.erecta"
"1489","Plantago.maritima"
"1490","Plantago.ovata"
"1491","Plantago.patagonica"
"1492","Plantago.rhodosperma"
"1493","Plantago.subnuda"
"1494","Platanus.racemosa"
"1495","Platystemon.californicus"
"1496","Plectritis.ciliosa"
"1497","Plectritis.macrocera"
"1498","Pleuropogon.californicus"
"1499","Pluchea.odorata"
"1500","Pluchea.sericea"
"1501","Poa.bigelovii"
"1502","Poa.diaboli"
"1503","Poa.fendleriana"
"1504","Poa.secunda"
"1505","Pogogyne.abramsii"
"1506","Pogogyne.clareana"
"1507","Pogogyne.douglasii"
"1508","Pogogyne.nudiuscula"
"1509","Pogogyne.serpylloides"
"1510","Pogogyne.zizyphoroides"
"1511","Polycarpon.depressum"
"1512","Polygala.cornuta"
"1513","Polygonum.hickmanii"
"1514","Polygonum.ramosissimum"
"1515","Polypodium.californicum"
"1516","Polypodium.scouleri"
"1517","Polystichum.munitum"
"1518","Populus.fremontii"
"1519","Populus.trichocarpa"
"1520","Porophyllum.gracile"
"1521","Potamogeton.diversifolius"
"1522","Potamogeton.foliosus"
"1523","Potamogeton.illinoensis"
"1524","Potamogeton.nodosus"
"1525","Potamogeton.pusillus"
"1526","Potentilla.anserina"
"1527","Potentilla.multijuga"
"1528","Primula.clevelandii"
"1529","Primula.hendersonii"
"1530","Prosopis.glandulosa"
"1531","Prosopis.pubescens"
"1532","Prunus.fasciculata"
"1533","Prunus.fremontii"
"1534","Prunus.ilicifolia"
"1535","Pseudobahia.bahiifolia"
"1536","Pseudobahia.peirsonii"
"1537","Pseudognaphalium.beneolens"
"1538","Pseudognaphalium.biolettii"
"1539","Pseudognaphalium.californicum"
"1540","Pseudognaphalium.canescens"
"1541","Pseudognaphalium.leucocephalum"
"1542","Pseudognaphalium.microcephalum"
"1543","Pseudognaphalium.ramosissimum"
"1544","Pseudognaphalium.roseum"
"1545","Pseudognaphalium.stramineum"
"1546","Pseudotsuga.macrocarpa"
"1547","Psilocarphus.brevissimus"
"1548","Psilocarphus.chilensis"
"1549","Psilocarphus.oregonus"
"1550","Psilocarphus.tenellus"
"1551","Psorothamnus.arborescens"
"1552","Ptelea.crenulata"
"1553","Pteridium.aquilinum"
"1554","Pterostegia.drymarioides"
"1555","Puccinellia.simplex"
"1556","Quercus.agrifolia"
"1557","Quercus.berberidifolia"
"1558","Quercus.cedrosensis"
"1559","Quercus.chrysolepis"
"1560","Quercus.cornelius.mulleri"
"1561","Quercus.douglasii"
"1562","Quercus.dumosa"
"1563","Quercus.durata"
"1564","Quercus.engelmannii"
"1565","Quercus.john.tuckeri"
"1566","Quercus.lobata"
"1567","Quercus.pacifica"
"1568","Quercus.palmeri"
"1569","Quercus.parvula"
"1570","Quercus.tomentella"
"1571","Quercus.wislizeni"
"1572","Rafinesquia.californica"
"1573","Ranunculus.aquatilis"
"1574","Ranunculus.bonariensis"
"1575","Ranunculus.californicus"
"1576","Ranunculus.canus"
"1577","Ranunculus.hebecarpus"
"1578","Ranunculus.sceleratus"
"1579","Rhamnus.crocea"
"1580","Rhamnus.ilicifolia"
"1581","Rhamnus.pilosa"
"1582","Rhamnus.pirifolia"
"1583","Rhus.aromatica"
"1584","Rhus.integrifolia"
"1585","Rhus.ovata"
"1586","Ribes.amarum"
"1587","Ribes.aureum"
"1588","Ribes.californicum"
"1589","Ribes.canthariforme"
"1590","Ribes.divaricatum"
"1591","Ribes.indecorum"
"1592","Ribes.malvaceum"
"1593","Ribes.quercetorum"
"1594","Ribes.sanguineum"
"1595","Ribes.sericeum"
"1596","Ribes.speciosum"
"1597","Ribes.viburnifolium"
"1598","Rigiopappus.leptocladus"
"1599","Romneya.coulteri"
"1600","Romneya.trichocalyx"
"1601","Rorippa.palustris"
"1602","Rorippa.tenerrima"
"1603","Rosa.californica"
"1604","Rosa.minutifolia"
"1605","Rotala.ramosior"
"1606","Rubus.ursinus"
"1607","Rumex.crassus"
"1608","Rumex.fueginus"
"1609","Rumex.hymenosepalus"
"1610","Rumex.persicarioides"
"1611","Rumex.salicifolius"
"1612","Rumex.violascens"
"1613","Rupertia.physodes"
"1614","Rupertia.rigida"
"1615","Ruppia.cirrhosa"
"1616","Ruppia.maritima"
"1617","Sagina.decumbens"
"1618","Sagittaria.latifolia"
"1619","Sagittaria.longiloba"
"1620","Sagittaria.montevidensis"
"1621","Sagittaria.sanfordii"
"1622","Salicornia.bigelovii"
"1623","Salicornia.depressa"
"1624","Salicornia.pacifica"
"1625","Salix.breweri"
"1626","Salix.exigua"
"1627","Salix.gooddingii"
"1628","Salix.laevigata"
"1629","Salix.lasiolepis"
"1630","Saltugilia.australis"
"1631","Saltugilia.caruifolia"
"1632","Saltugilia.splendens"
"1633","Salvia.apiana"
"1634","Salvia.brandegeei"
"1635","Salvia.carduacea"
"1636","Salvia.clevelandii"
"1637","Salvia.columbariae"
"1638","Salvia.eremostachya"
"1639","Salvia.leucophylla"
"1640","Salvia.mellifera"
"1641","Salvia.mohavensis"
"1642","Salvia.munzii"
"1643","Salvia.spathacea"
"1644","Salvia.vaseyi"
"1645","Sambucus.nigra"
"1646","Samolus.parviflorus"
"1647","Sanicula.arguta"
"1648","Sanicula.bipinnata"
"1649","Sanicula.bipinnatifida"
"1650","Sanicula.crassicaulis"
"1651","Sanicula.hoffmannii"
"1652","Sanicula.laciniata"
"1653","Sanicula.maritima"
"1654","Sanicula.tuberosa"
"1655","Schoenoplectus.acutus"
"1656","Schoenoplectus.americanus"
"1657","Schoenoplectus.californicus"
"1658","Schoenoplectus.pungens"
"1659","Schoenoplectus.saximontanus"
"1660","Schoenus.nigricans"
"1661","Scirpus.microcarpus"
"1662","Scribneria.bolanderi"
"1663","Scrophularia.atrata"
"1664","Scrophularia.californica"
"1665","Scrophularia.villosa"
"1666","Scutellaria.bolanderi"
"1667","Scutellaria.mexicana"
"1668","Scutellaria.tuberosa"
"1669","Sedella.pentandra"
"1670","Sedella.pumila"
"1671","Selaginella.bigelovii"
"1672","Selaginella.cinerascens"
"1673","Selaginella.eremophila"
"1674","Selaginella.hansenii"
"1675","Senecio.aphanactis"
"1676","Senecio.astephanus"
"1677","Senecio.californicus"
"1678","Senecio.flaccidus"
"1679","Senecio.lyonii"
"1680","Senegalia.greggii"
"1681","Sesuvium.verrucosum"
"1682","Setaria.parviflora"
"1683","Sibara.filifolia"
"1684","Sibaropsis.hammittii"
"1685","Sidalcea.diploscypha"
"1686","Sidalcea.hickmanii"
"1687","Sidalcea.hirsuta"
"1688","Sidalcea.keckii"
"1689","Sidalcea.malviflora"
"1690","Sidalcea.neomexicana"
"1691","Sidalcea.sparsifolia"
"1692","Sidotheca.emarginata"
"1693","Sidotheca.trilobata"
"1694","Silene.antirrhina"
"1695","Silene.laciniata"
"1696","Simmondsia.chinensis"
"1697","Sisyrinchium.bellum"
"1698","Sium.suave"
"1699","Solanum.americanum"
"1700","Solanum.douglasii"
"1701","Solanum.parishii"
"1702","Solanum.umbelliferum"
"1703","Solanum.wallacei"
"1704","Solanum.xanti"
"1705","Solidago.confinis"
"1706","Solidago.guiradonis"
"1707","Solidago.spathulata"
"1708","Solidago.velutina"
"1709","Sparganium.eurycarpum"
"1710","Spartina.foliosa"
"1711","Spergularia.atrosperma"
"1712","Spergularia.macrotheca"
"1713","Spergularia.marina"
"1714","Sphaeralcea.ambigua"
"1715","Sphenopholis.obtusata"
"1716","Spirodela.polyrhiza"
"1717","Sporobolus.airoides"
"1718","Sporobolus.cryptandrus"
"1719","Stachys.ajugoides"
"1720","Stachys.albens"
"1721","Stachys.bullata"
"1722","Stachys.pycnantha"
"1723","Stachys.rigida"
"1724","Stachys.stebbinsii"
"1725","Stebbinsoseris.heterocarpa"
"1726","Stellaria.nitens"
"1727","Stemodia.durantifolia"
"1728","Stephanomeria.cichoriacea"
"1729","Stephanomeria.diegensis"
"1730","Stephanomeria.elata"
"1731","Stephanomeria.exigua"
"1732","Stephanomeria.pauciflora"
"1733","Stephanomeria.virgata"
"1734","Stillingia.linearifolia"
"1735","Stipa.cernua"
"1736","Stipa.coronata"
"1737","Stipa.diegoensis"
"1738","Stipa.lepida"
"1739","Stipa.pulchra"
"1740","Stipa.speciosa"
"1741","Streptanthus.breweri"
"1742","Streptanthus.callistus"
"1743","Streptanthus.campestris"
"1744","Streptanthus.diversifolius"
"1745","Streptanthus.farnsworthianus"
"1746","Streptanthus.glandulosus"
"1747","Streptanthus.insignis"
"1748","Stuckenia.pectinata"
"1749","Stylocline.gnaphaloides"
"1750","Stylocline.masonii"
"1751","Styrax.redivivus"
"1752","Suaeda.calceoliformis"
"1753","Suaeda.californica"
"1754","Suaeda.esteroa"
"1755","Suaeda.nigra"
"1756","Suaeda.taxifolia"
"1757","Symphoricarpos.albus"
"1758","Symphoricarpos.mollis"
"1759","Symphyotrichum.chilense"
"1760","Symphyotrichum.defoliatum"
"1761","Symphyotrichum.greatae"
"1762","Symphyotrichum.lanceolatum"
"1763","Symphyotrichum.lentum"
"1764","Symphyotrichum.subspicatum"
"1765","Symphyotrichum.subulatum"
"1766","Syntrichopappus.lemmonii"
"1767","Systenotheca.vortriedei"
"1768","Taraxia.ovata"
"1769","Tauschia.arguta"
"1770","Tauschia.hartwegii"
"1771","Tetracoccus.dioicus"
"1772","Tetradymia.comosa"
"1773","Tetrapteron.graciliflorum"
"1774","Tetrapteron.palmeri"
"1775","Thalictrum.fendleri"
"1776","Thamnosma.montana"
"1777","Thelypteris.puberula"
"1778","Thysanocarpus.curvipes"
"1779","Thysanocarpus.laciniatus"
"1780","Thysanocarpus.radians"
"1781","Thysanocarpus.rigidus"
"1782","Toxicodendron.diversilobum"
"1783","Toxicoscordion.brevibracteatum"
"1784","Toxicoscordion.fremontii"
"1785","Trichocoronis.wrightii"
"1786","Trichostema.lanatum"
"1787","Trichostema.lanceolatum"
"1788","Trichostema.ovatum"
"1789","Trichostema.parishii"
"1790","Trichostema.rubisepalum"
"1791","Trichostema.ruygtii"
"1792","Tridens.muticus"
"1793","Trifolium.albopurpureum"
"1794","Trifolium.barbigerum"
"1795","Trifolium.bifidum"
"1796","Trifolium.buckwestiorum"
"1797","Trifolium.ciliolatum"
"1798","Trifolium.depauperatum"
"1799","Trifolium.fucatum"
"1800","Trifolium.gracilentum"
"1801","Trifolium.grayi"
"1802","Trifolium.hydrophilum"
"1803","Trifolium.macraei"
"1804","Trifolium.microcephalum"
"1805","Trifolium.microdon"
"1806","Trifolium.obtusiflorum"
"1807","Trifolium.oliganthum"
"1808","Trifolium.olivaceum"
"1809","Trifolium.palmeri"
"1810","Trifolium.variegatum"
"1811","Trifolium.willdenovii"
"1812","Triglochin.concinna"
"1813","Triglochin.maritima"
"1814","Triglochin.scilloides"
"1815","Triglochin.striata"
"1816","Triodanis.biflora"
"1817","Triodanis.perfoliata"
"1818","Triphysaria.eriantha"
"1819","Triphysaria.micrantha"
"1820","Triphysaria.pusilla"
"1821","Triteleia.hyacinthina"
"1822","Triteleia.laxa"
"1823","Triteleia.lugens"
"1824","Tropidocarpum.gracile"
"1825","Tuctoria.mucronata"
"1826","Turritis.glabra"
"1827","Typha.angustifolia"
"1828","Typha.domingensis"
"1829","Typha.latifolia"
"1830","Umbellularia.californica"
"1831","Uropappus.lindleyi"
"1832","Urtica.dioica"
"1833","Utricularia.gibba"
"1834","Vaccinium.ovatum"
"1835","Venegasia.carpesioides"
"1836","Verbena.bracteata"
"1837","Verbena.lasiostachys"
"1838","Verbena.menthifolia"
"1839","Verbena.scabra"
"1840","Verbesina.dissita"
"1841","Veronica.peregrina"
"1842","Vicia.americana"
"1843","Vicia.gigantea"
"1844","Vicia.hassei"
"1845","Vicia.ludoviciana"
"1846","Viguiera.purisimae"
"1847","Viola.douglasii"
"1848","Viola.pedunculata"
"1849","Viola.purpurea"
"1850","Vitis.californica"
"1851","Vitis.girdiana"
"1852","Wislizenia.refracta"
"1853","Wolffia.borealis"
"1854","Wolffia.globosa"
"1855","Wolffiella.lingulata"
"1856","Wolffiella.oblonga"
"1857","Woodwardia.fimbriata"
"1858","Wyethia.helenioides"
"1859","Xanthisma.junceum"
"1860","Xanthium.spinosum"
"1861","Xanthium.strumarium"
"1862","Xylococcus.bicolor"
"1863","Yabea.microcarpa"
"1864","Yucca.schidigera"
"1865","Zannichellia.palustris"
"1866","Zeltnera.davyi"
"1867","Zeltnera.exaltata"
"1868","Zeltnera.venusta"
"1869","Ziziphus.parryi"
"1870","Zostera.marina"
"1871","Zostera.pacifica"
